﻿<?xml version="1.0" encoding="utf-8"?>
<mainmenu>
	<menu label="&amp;File" name="FileMenu">
		<button label="&amp;New" click="New" image="0" shortcut="CtrlN" />
		<button label="&amp;Open.." click="Open" image="1" shortcut="CtrlO" />
		<menu label="&amp;Modify" name="ModifyMenu">
			<button label="&amp;Reload" click="Reload" shortcut="CtrlShiftR" />
			<button label="&amp;Duplicate" click="Duplicate" shortcut="CtrlShiftN" />
			<button label="Re&amp;vert" click="Revert" shortcut="CtrlShiftT" />
		</menu>
		<separator />
		<menu label="&amp;Recent Files" name="ReopenMenu" />
		<separator />
		<button label="&amp;Save" name="SaveButton" click="Save" image="2" shortcut="CtrlS" />
		<button label="Save &amp;As.." click="SaveAs" shortcut="CtrlShiftS" />
		<button label="Sa&amp;ve All" name="SaveAllButton" click="SaveAll" image="79" />
		<separator />
		<button label="&amp;Close" click="Close" image="6" shortcut="CtrlW" />
		<button label="Clos&amp;e All" click="CloseAll" />
		<separator />
		<menu label="En&amp;coding" name="EncodingMenu">
			<button label="8 &amp;bits" click="ChangeEncoding" tag="1252" />
			<button label="&amp;Big Endian" click="ChangeEncoding" tag="1201" />
			<button label="&amp;Little Endian" click="ChangeEncoding" tag="1200" />
			<button label="&amp;UTF-8" click="ChangeEncoding" tag="65001" />
			<button label="UT&amp;F-7" click="ChangeEncoding" tag="65000" />
			<separator />
			<menu label="Convert Text To" name="ConvertToMenu">
				<button label="8 &amp;bits" click="ConvertEncoding" tag="1252" />
				<button label="&amp;Big Endian" click="ConvertEncoding" tag="1201" />
				<button label="&amp;Little Endian" click="ConvertEncoding" tag="1200" />
				<button label="&amp;UTF-8" click="ConvertEncoding" tag="65001" />
				<button label="UT&amp;F-7" click="ConvertEncoding" tag="65000" />
			</menu>
		</menu>
		<menu label="&amp;Line Ends" name="EOLMenu">
			<button label="&amp;CR+LF" click="ConvertEOL" tag="0" />
			<button label="C&amp;R" click="ConvertEOL" tag="1" />
			<button label="&amp;LF" click="ConvertEOL" tag="2" />
		</menu>
		<separator />
		<button label="&amp;Print" click="Print" image="11" shortcut="CtrlP" />
		<button label="Print Previe&amp;w" click="PrintPreview" image="123" shortcut="CtrlShiftP"/>
		<separator />
		<button label="E&amp;xit" click="Exit" />
	</menu>
	<menu label="&amp;Edit" name="EditMenu">
		<button label="&amp;Undo" name="UndoButton" click="ScintillaCommand" tag="Undo" image="8" shortcut="CtrlZ" />
		<button label="&amp;Redo" name="RedoButton" click="ScintillaCommand" tag="Redo" image="9" shortcut="CtrlY" />
		<separator />
		<button label="Cu&amp;t" name="CutButton" click="ScintillaCommand" tag="Cut" image="3" shortcut="CtrlX" />
		<button label="&amp;Copy" name="CopyButton" click="ScintillaCommand" tag="Copy" image="4" shortcut="CtrlC" />
		<button label="&amp;Paste" name="PasteButton" click="ScintillaCommand" tag="Paste" image="5" shortcut="CtrlV" />
		<button label="&amp;Select All" click="ScintillaCommand" tag="SelectAll" shortcut="CtrlA" />
		<separator />
		<button label="C&amp;ut Line" click="ScintillaCommand" tag="LineCut" shortcut="CtrlShiftX" />
		<button label="C&amp;opy Line" click="ScintillaCommand" tag="LineCopy" shortcut="CtrlShiftC" />
		<button label="Duplic&amp;ate Line" click="ScintillaCommand" tag="LineDuplicate" shortcut="CtrlD" />
		<button label="&amp;Transpose Lines" click="ScintillaCommand" tag="LineTranspose" shortcut="CtrlT" />
		<separator />
		<button label="To Upper&amp;case" click="ScintillaCommand" tag="UpperCase" shortcut="CtrlU" />
		<button label="To Lo&amp;wercase" click="ScintillaCommand" tag="LowerCase" shortcut="CtrlL" />
		<separator />
		<button label="Comment Li&amp;ne" click="CommentLine" shortcut="CtrlQ" />
		<button label="Uncomment Li&amp;ne" click="UncommentLine" shortcut="CtrlShiftQ" />
		<button label="Co&amp;mment Selection" click="CommentSelection" shortcut="CtrlShiftB" />
		<separator />
		<button label="Toggle &amp;Fold" click="ToggleFold" shortcut="CtrlShiftF" />
		<button label="Collapse Al&amp;l"  click="ScintillaCommand" tag="CollapseAllFolds" shortcut="CtrlShiftA" />
		<button label="E&amp;xpand All"  click="ScintillaCommand" tag="ExpandAllFolds" shortcut="CtrlShiftE" />
	</menu>
	<menu label="&amp;View" name="ViewMenu">
		<button label="&amp;Indentation Guides" name="ViewIndentGuidesButton" click="ToggleBoolSetting" tag="FlashDevelop.ViewIndentationGuides" />
		<button label="&amp;Line End Characters" name="ViewEOLButton" click="ToggleBoolSetting" tag="FlashDevelop.ViewEOL" />
		<button label="&amp;Whitespace Characters" name="ViewWSButton" click="ToggleBoolSetting" tag="FlashDevelop.ViewWhitespace" />
		<button label="Wrap &amp;Editor Text" name="WrapTextButton" click="ToggleBoolSetting" tag="FlashDevelop.WrapText" />
		<separator />
	</menu>
	<menu label="&amp;Search" name="SearchMenu">
		<button label="&amp;Find.." click="Find" image="126" shortcut="CtrlF" />
		<button label="Find &amp;Next" click="FindNext" shortcut="F3" image="125" />
		<button label="Find &amp;Previous" click="FindPrevious" shortcut="ShiftF3" image="159" />
		<button label="&amp;Replace.." click="Replace" image="36" shortcut="CtrlH" />
		<separator />
		<button label="Find &amp;In Files.." click="FindInFiles" image="136" shortcut="CtrlI" />
		<separator />
		<button label="&amp;Goto Position Or Line.." image="17" click="GoTo" shortcut="CtrlG" />
		<button label="Goto &amp;Matching Brace" image="17" click="GoToMatchingBrace" shortcut="CtrlM" />
		<separator />
		<button label="&amp;Toggle Bookmark" click="ToggleBookmark" image="44" shortcut="CtrlF2" />
		<button label="Ne&amp;xt Bookmark" click="NextBookmark" image="120" shortcut="F2" />
		<button label="Pr&amp;ev Bookmark" click="PrevBookmark" image="121" shortcut="ShiftF2" />
		<button label="Cle&amp;ar Bookmarks" click="ClearBookmarks" image="122" />
	</menu>
	<menu label="&amp;Insert" name="InsertMenu">
		<button label="&amp;From File.." click="InsertFromFile" />
		<button label="File &amp;Details" click="InsertFileDetails" />
		<button label="&amp;Timestamp" click="InsertTimestamp" tag="g" />
		<separator />
		<button label="&amp;Snippet" click="InsertSnippet" shortcut="CtrlB" tag="null" />
		<button label="&amp;Color" click="InsertColor" shortcut="CtrlShiftK" />
		<button label="&amp;GUID" click="InsertGUID" shortcut="CtrlShiftI" />
	</menu>
	<menu label="&amp;Tools" name="ToolsMenu">
		<button name="KillProcess" label="&amp;Kill Running Process" enabled="false" click="KillProcess" />
		<separator />
		<menu label="&amp;Flash Tools" name="FlashToolsMenu">
			<button label="&amp;AS2API GUI" click="RunProcess" tag="@APPDIR\Tools\as2api\as2apigui.exe" />
			<separator />
			<button label="&amp;Test Movie In Flash" name="TestInFlashButton" click="PluginCommand" tag="CallFlashIDE;@QUOTE@APPDIR\Tools\flashide\testmovie.jsfl@QUOTE" shortcut="F6" />
		</menu>
		<menu label="&amp;Web Tools" name="WebToolsMenu">
			<button label="&amp;HTML Validator" click="RunProcess" tag="http://validator.w3.org/" />
			<button label="&amp;CSS Validator" click="RunProcess" tag="http://jigsaw.w3.org/css-validator/" />
		</menu>
		<separator />
		<button label="&amp;Command Prompt" click="RunProcess" image="23" tag="CMD.exe" />
		<button label="Windows &amp;Explorer" click="RunProcess" image="22" tag="explorer.exe;/e" />
		<separator />
		<button label="&amp;Installed Plugins" click="ShowPluginList" image="130" />
		<button label="&amp;Program Settings" click="ShowSettingsDlg" image="129" shortcut="F9" />
	</menu>
	<menu label="Synta&amp;x" name="SyntaxMenu">
		<button label="&amp;AS2" click="ChangeSyntax" tag="as2" />
		<button label="&amp;AS3" click="ChangeSyntax" tag="as3" />
		<button label="&amp;JScript" click="ChangeSyntax" tag="jscript" />
		<button label="&amp;HTML" click="ChangeSyntax" tag="html" />
		<button label="&amp;CSS" click="ChangeSyntax" tag="css" />
		<button label="&amp;XML" click="ChangeSyntax" tag="xml" />
		<button label="&amp;Text" click="ChangeSyntax" tag="text" />
	</menu>
	<menu label="&amp;Help" name="HelpMenu">
		<button label="&amp;Readme" click="RunProcess" tag="@APPDIR\Docs\index.html" image="96" />
		<button label="&amp;Homepage" click="RunProcess" tag="http://www.flashdevelop.org/" image="95" />
		<separator />
		<menu label="&amp;Specifications">
			<button label="&amp;CSS 1.0" click="RunProcess" tag="http://www.w3.org/TR/CSS1" />
			<button label="&amp;HTML 4.01" click="RunProcess" tag="http://www.w3.org/TR/html401" />
			<button label="&amp;XHTML 1.0" click="RunProcess" tag="http://www.w3.org/TR/xhtml1" />
			<button label="X&amp;SLT 1.0" click="RunProcess" tag="http://www.w3.org/TR/xslt" />
			<button label="X&amp;ML 1.0" click="RunProcess" tag="http://www.w3.org/TR/REC-xml" />
			<button label="&amp;DOM Level 3" click="RunProcess" tag="http://www.w3.org/TR/DOM-Level-3-Core" />
			<button label="&amp;WCAG 1.0" click="RunProcess" tag="http://www.w3.org/TR/WCAG10" />
		</menu>
		<menu label="Re&amp;ferences">
			<button label="&amp;AS2" click="RunProcess" tag="http://livedocs.macromedia.com/flash/8/main/wwhelp/wwhimpl/js/html/wwhelp.htm?href=Part4_ASLR2.html" />
			<button label="&amp;MYSQL" click="RunProcess" tag="http://dev.mysql.com/doc/mysql/en/" />
			<button label="&amp;PHP" click="RunProcess" tag="http://www.php.net/manual/en/" />
		</menu>
		<separator />
		<button label="&amp;About.." image="14" click="About" />
	</menu>
</mainmenu>
