﻿<?xml version="1.0" encoding="utf-8"?>
<scintillamenu>
	<menu label="&amp;Edit" name="EditMenu">
		<button label="To Upper&amp;case" click="ScintillaCommand" tag="UpperCase" shortcut="CtrlU" />
		<button label="To Lo&amp;wercase" click="ScintillaCommand" tag="LowerCase" shortcut="CtrlL" />
	</menu>
	<separator />
	<button label="&amp;Undo" name="UndoButton" click="ScintillaCommand" tag="Undo" image="8" shortcut="CtrlZ" />
	<button label="&amp;Redo" name="RedoButton" click="ScintillaCommand" tag="Redo" image="9" shortcut="CtrlY" />
	<separator />
	<button label="Cu&amp;t" name="CutButton" click="ScintillaCommand" tag="Cut" image="3" shortcut="CtrlX" />
	<button label="&amp;Copy" name="CopyButton" click="ScintillaCommand" tag="Copy" image="4" shortcut="CtrlC" />
	<button label="&amp;Paste" name="PasteButton" click="ScintillaCommand" tag="Paste" image="5" shortcut="CtrlV" />
	<separator />
	<button label="&amp;Select All" click="ScintillaCommand" tag="SelectAll" shortcut="CtrlA" />
</scintillamenu>