﻿<?xml version="1.0" encoding="utf-8"?>
<settings>
	<setting key="as2"><![CDATA[
/**
* Description here...
* @author Default
* @version 0.1
*/

class @ENTRYPOINT {

}
]]></setting>
	<setting key="css"><![CDATA[<link href="@ENTRYPOINT" rel="stylesheet" type="text/css" media="all" />]]></setting>
	<setting key="else"><![CDATA[
else {
	@ENTRYPOINT
}
]]></setting>
	<setting key="elseif"><![CDATA[
else if (@ENTRYPOINT) {
	
}
]]></setting>
	<setting key="favicon"><![CDATA[<link rel="shortcut icon" href="@ENTRYPOINT" type="image/ico" />]]></setting>
	<setting key="for"><![CDATA[
for (var i:Number = 0; i<@ENTRYPOINT; i++) {
	
}
]]></setting>
	<setting key="forin"><![CDATA[
for (i in @ENTRYPOINT) {
	
}
]]></setting>
	<setting key="form"><![CDATA[
<form name="form" method="post" action="@ENTRYPOINT">
</form>
]]></setting>
	<setting key="function"><![CDATA[
function @ENTRYPOINT() {
	
}
]]></setting>
	<setting key="get"><![CDATA[
public function get @ENTRYPOINT() {
	
}
]]></setting>
	<setting key="html"><![CDATA[
<!DOCTYPE HTML PUBLIC "-//W3C//DTD HTML 4.01//EN" "http://www.w3.org/TR/html4/strict.dtd">
<html>
<head>
<title>Untitled</title>
<meta http-equiv="Content-Type" content="text/html; charset=iso-8859-1"/>
</head>
<body>
@ENTRYPOINT
</body>
</html>
]]></setting>
	<setting key="if"><![CDATA[
if (@ENTRYPOINT) {
	
}
]]></setting>
	<setting key="javascript"><![CDATA[<script type="text/javascript" src="@ENTRYPOINT"></script>]]></setting>
	<setting key="keywords"><![CDATA[<meta name="keywords" content="@ENTRYPOINT" />]]></setting>
	<setting key="link"><![CDATA[<a href="@ENTRYPOINT" title=""></a>]]></setting>
	<setting key="list"><![CDATA[
<ul>
<li>@ENTRYPOINT</li>
</ul>
]]></setting>
	<setting key="mailto"><![CDATA[<a href="mailto:@ENTRYPOINT"></a>]]></setting>
	<setting key="menu"><![CDATA[
<select name="menu">
<option value="">@ENTRYPOINT</option>
</select>
]]></setting>
	<setting key="php"><![CDATA[
<?php
@ENTRYPOINT
?>
]]></setting>
	<setting key="region"><![CDATA[
//{ region @ENTRYPOINT

//} endregion
]]></setting>
	<setting key="set"><![CDATA[
public function set @ENTRYPOINT() {
	
}
]]></setting>
	<setting key="switch"><![CDATA[
switch (@ENTRYPOINT) {
	
}
]]></setting>
	<setting key="textarea"><![CDATA[<textarea name="area">@ENTRYPOINT</textarea>]]></setting>
	<setting key="while"><![CDATA[
while (@ENTRYPOINT) {
	
}
]]></setting>
	<setting key="with"><![CDATA[
with (@ENTRYPOINT) {
	
}
]]></setting>
	<setting key="xhtml"><![CDATA[
<?xml version="1.0" encoding="iso-8859-1" ?>
<!DOCTYPE html PUBLIC "-//W3C//DTD XHTML 1.0 Strict//EN" "http://www.w3.org/TR/xhtml1/DTD/xhtml1-strict.dtd">
<html xmlns="http://www.w3.org/1999/xhtml" xml:lang="en" lang="en">
<head>
<title>Untitled</title>
<meta http-equiv="Content-Type" content="text/html; charset=iso-8859-1" />
</head>
<body>
@ENTRYPOINT
</body>
</html>
]]></setting>
	<setting key="xml"><![CDATA[
<?xml version="1.0" ?>
<data>
@ENTRYPOINT
</data>
]]></setting>
</settings>