﻿<?xml version="1.0" encoding="utf-8"?>
<toolbar>
	<button label="New" click="New" image="0" />
	<button label="Open" click="Open" image="1" />
	<button label="Save" name="SaveButton" click="Save" image="2" />
	<button label="Save All" name="SaveAllButton" click="SaveAll" image="79" />
	<button label="Print" click="Print" image="11" />
	<separator />
	<button label="&amp;Undo" name="UndoButton" click="ScintillaCommand" tag="Undo" image="8" shortcut="CtrlZ" />
	<button label="&amp;Redo" name="RedoButton" click="ScintillaCommand" tag="Redo" image="9" shortcut="CtrlY" />
	<separator />
	<button label="Cu&amp;t" name="CutButton" click="ScintillaCommand" tag="Cut" image="3" shortcut="CtrlX" />
	<button label="&amp;Copy" name="CopyButton" click="ScintillaCommand" tag="Copy" image="4" shortcut="CtrlC" />
	<button label="&amp;Paste" name="PasteButton" click="ScintillaCommand" tag="Paste" image="5" shortcut="CtrlV" />
	<separator />
	<button label="Toggle Bookmark" click="ToggleBookmark" image="44" />
	<button label="Next Bookmark" click="NextBookmark" image="120" />
	<button label="Prev Bookmark" click="PrevBookmark" image="121" />
	<button label="Clear Bookmarks" click="ClearBookmarks" image="122" />
	<separator />
	<button label="Command Prompt" click="RunProcess" image="23" tag="CMD.exe" />
	<button label="Windows Explorer" click="RunProcess" image="22" tag="explorer.exe;/e,@QUOTE@CURDIR@QUOTE" />
	<button label="AS2APIGUI" click="RunProcess" image="24" tag="@APPDIR\Tools\as2api\as2apigui.exe" />
</toolbar>